name,year,player_age,ab,pa,hit,single,double,triple,home_run,strikeout,walk,k_percent,bb_percent,batting_avg,slg_percent,on_base_percent,on_base_plus_slg,isolated_power,rbi,b_total_bases,r_total_stolen_base,exit_velocity_avg,hard_hit_percent,oz_contact_percent,pitch_count,iz_contact_percent,whiff_percent
Albert Pujols,2022,42,307,351,83,45,14,0,24,55,28,15.7,8.0,0.27,0.55,0.345,0.895,0.28,68,169,1,91.2,47.3,64.0,1385,88.0,21.3
Miguel Cabrera,2022,39,397,433,101,86,10,0,5,101,28,23.3,6.5,0.254,0.317,0.305,0.622,0.063,43,126,1,89.9,38.2,57.7,1643,80.6,27.0
Yadier Molina,2022,39,262,270,56,43,8,0,5,40,5,14.8,1.9,0.214,0.302,0.233,0.535,0.088,24,79,2,84.7,26.0,71.4,986,81.0,22.0
Nelson Cruz Jr.,2022,41,448,507,105,79,16,0,10,119,49,23.5,9.7,0.234,0.337,0.313,0.65,0.103,64,151,4,90.9,46.1,49.2,1992,76.8,32.0
David Peralta,2022,34,439,490,110,65,30,3,12,114,41,23.3,8.4,0.251,0.415,0.316,0.731,0.164,59,182,1,90.3,44.4,50.2,1830,85.7,26.2
Evan Longoria,2022,36,266,298,65,38,13,0,14,83,27,27.9,9.1,0.244,0.451,0.315,0.766,0.207,42,120,0,91.1,46.8,53.5,1187,77.7,29.4
Charlie Blackmon,2022,35,530,577,140,96,22,6,16,109,32,18.9,5.5,0.264,0.419,0.314,0.733,0.155,78,222,4,86.2,30.6,67.1,2085,83.3,21.4
Martin Maldonado,2022,35,344,379,64,37,12,0,15,116,22,30.6,5.8,0.186,0.352,0.248,0.6,0.166,45,121,0,88.4,40.2,41.2,1504,79.7,32.2
Donovan Solano,2022,34,278,304,79,59,16,0,4,61,19,20.1,6.3,0.284,0.385,0.339,0.724,0.101,24,107,0,88.3,41.2,59.5,1189,88.0,20.9
Andrew McCutchen,2022,35,515,580,122,80,25,0,17,124,57,21.4,9.8,0.237,0.384,0.316,0.7,0.147,69,198,8,89.1,40.0,51.0,2364,83.2,24.2
Justin Turner,2022,37,468,532,130,81,36,0,13,89,50,16.7,9.4,0.278,0.438,0.35,0.788,0.16,81,205,3,89.5,40.6,68.7,2144,84.0,20.3
Joey Votto,2022,38,322,376,66,36,18,1,11,97,44,25.8,11.7,0.205,0.37,0.319,0.689,0.165,41,119,0,89.7,41.3,50.9,1505,76.9,29.6
Elvis Andrus,2022,33,535,577,133,84,32,0,17,92,39,15.9,6.8,0.249,0.404,0.303,0.707,0.155,58,216,18,87.9,34.8,63.9,2252,85.5,21.4
Carlos Santana,2022,36,431,506,87,50,18,0,19,88,71,17.4,14.0,0.202,0.376,0.316,0.692,0.174,60,162,0,90.7,44.9,65.9,2066,82.9,21.3
Brandon Belt,2022,34,254,298,54,36,9,1,8,81,37,27.2,12.4,0.213,0.35,0.326,0.676,0.137,23,89,1,88.4,38.5,39.8,1194,75.3,32.4
Michael Brantley Jr.,2022,35,243,277,70,50,14,1,5,30,31,10.8,11.2,0.288,0.416,0.37,0.786,0.128,26,101,1,89.8,45.1,77.2,1006,91.1,12.7
Yuli Gurriel,2022,38,545,584,132,84,40,0,8,73,30,12.5,5.1,0.242,0.36,0.288,0.648,0.118,53,196,8,88.2,35.6,75.3,2116,91.8,14.3
Miguel Rojas,2022,33,471,507,111,84,19,2,6,61,26,12.0,5.1,0.236,0.323,0.283,0.606,0.087,36,152,9,86.1,27.1,65.4,1816,92.8,15.5
Eduardo Escobar,2022,33,495,542,119,69,26,4,20,129,40,23.8,7.4,0.24,0.43,0.295,0.725,0.19,69,213,0,88.3,37.6,59.1,2089,79.3,27.7
Tommy Pham,2022,34,554,622,131,90,23,1,17,167,56,26.8,9.0,0.236,0.374,0.312,0.686,0.138,63,207,8,92.2,48.5,46.5,2505,82.8,26.0
J.D. Martinez,2022,34,533,596,146,86,43,1,16,145,52,24.3,8.7,0.274,0.448,0.341,0.789,0.174,62,239,0,89.1,41.7,51.4,2389,79.0,30.1
Paul Goldschmidt,2022,34,561,651,178,102,41,0,35,141,79,21.7,12.1,0.317,0.578,0.404,0.982,0.261,115,324,7,90.8,47.4,61.5,2701,78.4,26.8
Jose Altuve,2022,32,527,604,158,91,39,0,28,87,66,14.4,10.9,0.3,0.533,0.387,0.92,0.233,57,281,18,85.9,29.7,72.6,2308,88.4,16.2
Cesar Hernandez,2022,32,560,617,139,106,28,4,1,114,45,18.5,7.3,0.248,0.318,0.311,0.629,0.07,34,178,10,84.8,29.7,58.1,2368,84.9,20.4
Jean Segura,2022,32,354,387,98,79,9,0,10,58,25,15.0,6.5,0.277,0.387,0.336,0.723,0.11,33,137,13,87.6,38.4,69.1,1406,88.4,18.5
Starling Marte,2022,33,466,505,136,91,24,5,16,97,26,19.2,5.1,0.292,0.468,0.347,0.815,0.176,63,218,18,86.8,33.9,59.5,1920,82.7,24.0
Travis d'Arnaud,2022,33,396,426,106,62,25,1,18,90,19,21.1,4.5,0.268,0.472,0.319,0.791,0.204,60,187,0,88.5,38.9,60.5,1633,79.5,26.9
Josh Donaldson,2022,36,478,546,106,63,28,0,15,148,54,27.1,9.9,0.222,0.374,0.308,0.682,0.152,62,179,2,90.7,43.3,54.2,2176,72.5,33.2
Freddie Freeman,2022,32,612,708,199,129,47,2,21,102,84,14.4,11.9,0.325,0.511,0.407,0.918,0.186,100,313,13,91.3,47.8,67.8,2755,85.8,19.5
Yasmani Grandal,2022,33,327,376,66,54,7,0,5,79,45,21.0,12.0,0.202,0.269,0.301,0.57,0.067,27,88,1,90.0,40.0,58.9,1573,85.3,21.6
DJ LeMahieu,2022,33,467,541,122,92,18,0,12,71,67,13.1,12.4,0.261,0.377,0.357,0.734,0.116,46,176,4,89.2,41.1,73.4,2152,89.1,15.7
Mike Moustakas,2022,33,252,285,54,35,12,0,7,75,24,26.3,8.4,0.214,0.345,0.295,0.64,0.131,25,87,2,87.6,33.9,53.6,1150,80.8,29.2
Anthony Rizzo,2022,32,465,548,104,50,21,1,32,101,58,18.4,10.6,0.224,0.48,0.338,0.818,0.256,75,223,6,89.4,41.0,61.5,2112,84.8,22.8
Giancarlo Stanton,2022,32,398,452,84,46,7,0,31,137,50,30.3,11.1,0.211,0.462,0.297,0.759,0.251,78,184,0,95.0,52.3,48.3,1841,71.0,36.5
Salvador Perez,2022,32,445,473,113,66,23,1,23,109,18,23.0,3.8,0.254,0.465,0.292,0.757,0.211,76,207,0,91.4,49.0,56.0,1700,77.8,31.8
Wilmer Flores,2022,30,525,602,120,72,28,1,19,103,59,17.1,9.8,0.229,0.394,0.316,0.71,0.165,71,207,0,87.8,35.4,66.3,2426,87.6,18.9
Avisail Garcia,2022,31,357,380,80,63,9,0,8,109,17,28.7,4.5,0.224,0.317,0.266,0.583,0.093,35,113,4,88.7,44.8,39.2,1367,78.4,36.7
Christian Bethancourt,2022,30,318,333,80,52,17,0,11,80,12,24.0,3.6,0.252,0.409,0.283,0.692,0.157,34,130,5,90.1,44.8,50.2,1106,73.0,34.7
Marcell Ozuna,2022,31,470,507,106,64,19,0,23,122,31,24.1,6.1,0.226,0.413,0.274,0.687,0.187,56,194,2,89.4,43.8,55.3,2023,80.4,28.7
Rafael Ortega,2022,31,316,371,76,54,14,1,7,74,44,19.9,11.9,0.241,0.358,0.331,0.689,0.117,35,113,12,87.2,33.7,59.6,1517,88.7,19.3
Jesus Aguilar,2022,32,464,507,109,74,19,0,16,119,28,23.5,5.5,0.235,0.379,0.281,0.66,0.144,51,176,1,87.7,36.0,58.1,2078,82.2,27.0
Jon Berti,2022,32,358,404,86,62,17,3,4,89,42,22.0,10.4,0.24,0.338,0.324,0.662,0.098,28,121,41,88.0,37.0,51.8,1570,83.0,24.5
Brandon Crawford,2022,35,407,458,94,68,15,2,9,98,39,21.4,8.5,0.231,0.344,0.308,0.652,0.113,52,140,1,88.1,35.1,47.4,1720,75.2,31.8
C.J. Cron,2022,32,575,632,148,88,28,3,29,164,43,25.9,6.8,0.257,0.468,0.315,0.783,0.211,102,269,0,88.7,42.3,60.5,2500,84.0,24.3
Yan Gomes,2022,34,277,293,65,45,12,0,8,47,8,16.0,2.7,0.235,0.365,0.26,0.625,0.13,31,101,2,85.3,28.9,66.8,1006,88.8,19.4
Robbie Grossman,2022,32,411,477,86,59,19,1,7,129,56,27.0,11.7,0.209,0.311,0.31,0.621,0.102,45,128,6,86.7,30.4,50.8,1942,83.8,23.9
Josh Harrison,2022,34,386,425,99,71,19,2,7,71,21,16.7,4.9,0.256,0.37,0.317,0.687,0.114,27,143,2,87.4,32.3,69.6,1533,82.0,21.5
Aaron Hicks,2022,32,384,453,83,64,9,2,8,109,62,24.1,13.7,0.216,0.313,0.33,0.643,0.097,40,120,10,87.9,33.1,56.1,2017,79.7,25.8
Eric Hosmer,2022,32,380,419,102,75,19,0,8,64,37,15.3,8.8,0.268,0.382,0.334,0.716,0.114,44,145,0,88.4,39.7,65.5,1617,90.1,18.8
Austin Nola,2022,32,347,397,87,68,15,0,4,60,34,15.1,8.6,0.251,0.329,0.321,0.65,0.078,40,114,2,89.4,39.7,65.8,1522,91.5,14.4
Marcus Semien,2022,31,657,724,163,101,31,5,26,120,53,16.6,7.3,0.248,0.429,0.304,0.733,0.181,83,282,25,87.3,34.9,57.2,2776,87.6,20.6
George Springer III,2022,32,513,583,137,86,22,4,25,100,54,17.2,9.3,0.267,0.472,0.342,0.814,0.205,76,242,14,88.7,42.3,50.9,2175,79.0,28.2
Christian Vazquez,2022,31,398,426,109,77,23,0,9,69,22,16.2,5.2,0.274,0.399,0.315,0.714,0.125,52,159,1,87.9,36.4,71.5,1632,88.2,17.2
Kolten Wong,2022,31,430,497,108,65,24,4,15,88,46,17.7,9.3,0.251,0.43,0.339,0.769,0.179,47,185,17,87.0,35.5,57.8,2049,85.7,20.2
Leury Garcia,2022,31,300,315,63,52,8,0,3,65,7,20.6,2.2,0.21,0.267,0.233,0.5,0.057,20,80,2,87.0,35.6,59.4,1155,82.6,24.4
Randal Grichuk,2022,30,506,538,131,88,21,3,19,127,24,23.6,4.5,0.259,0.425,0.299,0.724,0.166,73,215,4,90.0,43.6,54.2,1977,85.8,24.7
Max Stassi,2022,31,333,375,60,38,12,1,9,112,38,29.9,10.1,0.18,0.303,0.267,0.57,0.123,30,101,0,88.6,39.5,41.6,1436,73.6,34.0
Mike Trout,2022,30,438,499,124,54,28,2,40,139,54,27.9,10.8,0.283,0.63,0.369,0.999,0.347,80,276,1,91.6,51.0,53.1,2105,75.8,30.2
Bryce Harper,2022,29,370,426,106,59,28,1,18,87,46,20.4,10.8,0.286,0.514,0.364,0.878,0.228,65,190,11,92.1,47.9,53.3,1594,80.1,28.2
Jose Abreu,2022,35,601,679,183,128,40,0,15,110,62,16.2,9.1,0.304,0.446,0.378,0.824,0.142,75,268,0,92.2,51.8,59.1,2730,85.3,23.2
Elias Diaz,2022,31,351,381,80,51,18,2,9,82,25,21.5,6.6,0.228,0.368,0.281,0.649,0.14,51,129,0,88.4,39.3,57.9,1445,87.1,22.7
Omar Narvaez,2022,30,262,296,54,37,12,1,4,57,29,19.3,9.8,0.206,0.305,0.292,0.597,0.099,23,80,0,84.7,18.4,64.5,1182,81.3,23.4
Eugenio Suarez,2022,30,543,629,128,71,24,2,31,196,73,31.2,11.6,0.236,0.459,0.332,0.791,0.223,87,249,0,89.8,43.5,41.9,2617,76.0,33.1
Gio Urshela,2022,30,501,551,143,100,27,3,13,96,41,17.4,7.4,0.285,0.429,0.338,0.767,0.144,64,215,1,88.9,37.6,67.2,2017,84.8,21.4
Jonathan Schoop,2022,30,481,510,97,62,23,1,11,107,19,21.0,3.7,0.202,0.322,0.239,0.561,0.12,38,155,5,87.0,38.6,53.4,1789,81.3,28.2
Nolan Arenado,2022,31,557,620,163,90,42,1,30,72,52,11.6,8.4,0.293,0.533,0.358,0.891,0.24,103,297,5,88.8,38.9,68.1,2330,88.3,19.1
Tucker Barnhart,2022,31,281,308,62,51,10,0,1,74,25,24.0,8.1,0.221,0.267,0.287,0.554,0.046,16,75,0,84.5,26.0,56.3,1174,84.9,22.5
Kyle Farmer,2022,31,526,583,134,94,25,1,14,99,33,17.0,5.7,0.255,0.386,0.315,0.701,0.131,78,203,4,85.5,33.8,65.2,2145,89.7,19.2
Enrique Hernandez,2022,30,361,402,80,50,24,0,6,71,34,17.7,8.5,0.222,0.338,0.291,0.629,0.116,45,122,0,87.8,35.0,52.1,1490,85.3,24.6
Max Muncy,2022,31,464,565,91,47,22,1,21,141,90,25.0,15.9,0.196,0.384,0.329,0.713,0.188,69,178,2,90.3,45.6,55.5,2436,78.4,26.1
Wil Myers,2022,31,261,286,68,46,15,0,7,86,21,30.1,7.3,0.261,0.398,0.315,0.713,0.137,41,104,2,88.5,37.6,52.6,1160,76.4,31.2
Tyler Naquin,2022,31,310,334,71,37,19,4,11,93,19,27.8,5.7,0.229,0.423,0.282,0.705,0.194,46,131,4,90.3,40.8,58.5,1261,74.6,30.5
AJ Pollock,2022,34,489,527,120,79,26,1,14,98,32,18.6,6.1,0.245,0.389,0.292,0.681,0.144,56,190,3,88.8,42.0,55.6,1837,84.8,24.7
Michael A. Taylor,2022,31,414,456,105,83,10,3,9,109,35,23.9,7.7,0.254,0.357,0.313,0.67,0.103,43,148,4,86.3,32.9,47.3,1717,79.7,29.1
Trayce Thompson,2022,31,219,255,56,28,14,1,13,93,32,36.5,12.5,0.256,0.507,0.353,0.86,0.251,41,111,4,92.2,46.9,36.5,1138,71.9,37.8
Luke Voit III,2022,31,500,568,113,69,22,0,22,179,55,31.5,9.7,0.226,0.402,0.308,0.71,0.176,69,201,1,89.8,44.3,41.4,2248,72.5,37.6
Christian Walker,2022,31,583,667,141,78,25,2,36,131,69,19.6,10.3,0.242,0.477,0.327,0.804,0.235,94,278,2,90.0,44.0,50.8,2543,84.4,24.6
Corey Dickerson,2022,33,281,297,75,51,17,1,6,48,12,16.2,4.0,0.267,0.399,0.3,0.699,0.132,36,112,0,87.8,32.8,66.8,1083,82.9,22.8
Darin Ruf,2022,35,334,388,68,45,12,0,11,105,45,27.1,11.6,0.204,0.338,0.307,0.645,0.134,45,113,2,89.2,40.5,53.6,1620,80.6,27.5
Mike Yastrzemski,2022,31,485,558,104,54,31,2,17,141,61,25.3,10.9,0.214,0.392,0.305,0.697,0.178,57,190,5,89.9,42.5,54.4,2349,83.0,22.5
Willson Contreras,2022,30,416,487,101,54,23,2,22,103,45,21.1,9.2,0.243,0.466,0.349,0.815,0.223,55,194,4,90.4,48.6,48.9,1825,78.9,30.9
Jose Iglesias,2022,32,439,467,128,95,30,0,3,56,17,12.0,3.6,0.292,0.38,0.328,0.708,0.088,47,167,2,83.8,27.7,78.8,1738,92.4,13.2
Mark Canha,2022,33,462,542,123,86,24,0,13,97,48,17.9,8.9,0.266,0.403,0.367,0.77,0.137,61,186,3,87.7,36.6,68.2,2218,81.6,22.1
Nick Castellanos,2022,30,524,558,138,98,27,0,13,130,29,23.3,5.2,0.263,0.389,0.305,0.694,0.126,62,204,7,87.5,35.1,47.5,2066,79.8,32.2
Brandon Drury,2022,29,518,568,136,75,31,2,28,126,38,22.2,6.7,0.263,0.492,0.32,0.812,0.229,87,255,2,89.1,42.2,64.2,2242,85.8,21.5
Ben Gamel,2022,30,371,423,86,55,20,2,9,98,48,23.2,11.3,0.232,0.369,0.324,0.693,0.137,46,137,5,88.8,37.6,48.1,1713,86.7,23.8
Aaron Judge,2022,30,570,696,177,87,28,0,62,175,111,25.1,15.9,0.311,0.686,0.425,1.111,0.375,131,391,16,95.9,61.8,46.5,2906,79.7,29.8
Manny Machado,2022,29,578,644,172,102,37,1,32,133,63,20.7,9.8,0.298,0.531,0.366,0.897,0.233,102,307,9,91.5,49.0,60.2,2371,82.3,24.9
Joc Pederson,2022,30,380,433,104,59,19,3,23,100,42,23.1,9.7,0.274,0.521,0.353,0.874,0.247,70,198,3,93.2,52.1,55.8,1685,84.9,24.4
J.T. Realmuto,2022,31,504,562,139,86,26,5,22,119,41,21.2,7.3,0.276,0.478,0.342,0.82,0.202,84,241,21,90.3,47.2,61.6,2193,80.4,25.7
Hunter Renfroe,2022,30,474,522,121,68,23,1,29,121,39,23.2,7.5,0.255,0.492,0.315,0.807,0.237,72,233,1,90.5,43.6,58.3,2027,81.2,27.0
Eddie Rosario,2022,30,250,270,53,35,12,1,5,68,17,25.2,6.3,0.212,0.328,0.259,0.587,0.116,24,82,3,87.7,33.0,52.8,1010,77.5,31.9
Christian Yelich,2022,30,575,671,145,102,25,4,14,162,88,24.1,13.1,0.252,0.383,0.355,0.738,0.131,57,220,19,91.5,48.6,48.5,2747,85.1,25.0
Whit Merrifield,2022,33,504,550,126,86,28,1,11,85,38,15.5,6.9,0.25,0.375,0.298,0.673,0.125,58,189,16,87.1,31.1,65.9,2017,85.6,19.4
Xander Bogaerts,2022,29,557,631,171,118,38,0,15,118,57,18.7,9.0,0.307,0.456,0.377,0.833,0.149,73,254,8,88.1,39.5,62.4,2500,81.5,24.8
Jorge Polanco,2022,28,375,445,88,56,16,0,16,95,64,21.3,14.4,0.235,0.405,0.346,0.751,0.17,56,152,3,89.0,38.7,57.0,1900,81.8,25.6
Kole Calhoun,2022,34,388,424,76,49,14,1,12,136,27,32.1,6.4,0.196,0.33,0.257,0.587,0.134,49,128,3,90.8,48.2,46.4,1700,72.5,36.3
Adam Duvall,2022,33,287,315,61,32,16,1,12,101,21,32.1,6.7,0.213,0.401,0.276,0.677,0.188,36,115,0,88.3,41.0,56.1,1220,78.6,29.2
Jorge Alfaro,2022,29,256,274,63,42,14,0,7,98,11,35.8,4.0,0.246,0.383,0.285,0.668,0.137,40,98,1,89.4,38.5,46.1,1008,71.9,38.0
Jurickson Profar,2022,29,575,658,140,87,36,2,15,103,73,15.7,11.1,0.243,0.391,0.331,0.722,0.148,58,225,5,87.5,34.3,68.0,2790,85.5,18.7
Javier Baez,2022,29,555,590,132,84,27,4,17,147,26,24.9,4.4,0.238,0.393,0.278,0.671,0.155,67,218,9,87.9,38.0,50.9,2092,77.7,35.8
Austin Hedges,2022,29,294,338,48,37,4,0,7,78,25,23.1,7.4,0.163,0.248,0.241,0.489,0.085,30,73,2,84.2,22.3,50.0,1274,80.8,27.1
Francisco Lindor,2022,28,630,706,170,114,25,5,26,133,59,18.8,8.4,0.27,0.449,0.339,0.788,0.179,107,283,16,89.3,41.3,59.8,2829,85.5,22.9
Rougned Odor,2022,28,426,472,88,53,19,3,13,109,32,23.1,6.8,0.207,0.357,0.275,0.632,0.15,53,152,6,87.8,33.3,56.2,1761,79.2,27.3
Austin Slater,2022,29,277,325,73,49,15,2,7,89,40,27.4,12.3,0.264,0.408,0.366,0.774,0.144,34,113,12,89.0,39.5,51.1,1326,75.6,31.2
Trevor Story,2022,29,357,396,85,47,22,0,16,122,32,30.8,8.1,0.238,0.434,0.303,0.737,0.196,66,155,13,88.9,40.6,52.3,1575,78.5,30.8
Daniel Vogelbach,2022,29,386,461,92,54,19,1,18,114,73,24.7,15.8,0.238,0.433,0.36,0.793,0.195,59,167,0,89.4,39.9,66.8,2102,86.1,20.4
Gary Sanchez,2022,29,419,471,86,46,24,0,16,136,40,28.9,8.5,0.205,0.377,0.282,0.659,0.172,61,158,2,90.5,49.3,49.3,1881,79.5,30.8
Max Kepler,2022,29,388,446,88,60,18,1,9,66,49,14.8,11.0,0.227,0.348,0.318,0.666,0.121,43,135,3,89.1,39.9,58.9,1656,87.2,19.9
Maikel Franco,2022,29,371,388,85,61,15,0,9,75,12,19.3,3.1,0.229,0.342,0.255,0.597,0.113,39,127,1,87.0,34.4,60.7,1418,78.2,28.0
Ji Man Choi,2022,31,356,419,83,50,22,0,11,123,58,29.4,13.8,0.233,0.388,0.341,0.729,0.155,52,138,0,92.2,47.5,44.4,1840,75.3,32.3
Jackie Bradley Jr.,2022,32,344,370,70,42,23,1,4,77,24,20.8,6.5,0.203,0.311,0.255,0.566,0.108,38,107,2,87.6,37.2,56.5,1387,74.8,29.4
Jeimer Candelario,2022,28,429,467,93,59,19,2,13,109,28,23.3,6.0,0.217,0.361,0.272,0.633,0.144,50,155,0,87.2,34.6,59.7,1739,81.5,25.4
Yonathan Daza,2022,28,372,408,112,87,21,2,2,58,26,14.2,6.4,0.301,0.384,0.349,0.733,0.083,34,143,0,84.8,25.0,69.9,1536,87.0,18.7
Ramon Urias,2022,28,403,445,100,66,17,1,16,98,30,22.0,6.7,0.248,0.414,0.305,0.719,0.166,51,167,1,89.4,46.5,56.9,1645,79.0,27.4
Brian Anderson,2022,29,338,383,75,50,16,1,8,101,37,26.4,9.7,0.222,0.346,0.311,0.657,0.124,28,117,1,88.7,42.0,51.9,1543,76.8,30.3
Josh Bell,2022,29,552,647,147,98,29,3,17,102,81,15.8,12.5,0.266,0.422,0.362,0.784,0.156,71,233,0,88.9,40.8,65.4,2505,83.6,21.7
Mookie Betts,2022,29,572,639,154,76,40,3,35,104,55,16.3,8.6,0.269,0.533,0.34,0.873,0.264,82,305,12,90.5,44.9,59.5,2428,91.7,16.5
Victor Caratini,2022,28,272,314,54,33,12,0,9,67,31,21.3,9.9,0.199,0.342,0.3,0.642,0.143,34,93,0,89.4,43.5,55.0,1246,88.6,20.9
J.D. Davis,2022,29,318,365,79,50,16,1,12,122,39,33.4,10.7,0.248,0.418,0.34,0.758,0.17,35,133,1,92.4,56.1,47.1,1486,67.5,37.4
Vimael Machin,2022,28,223,253,49,36,12,0,1,47,25,18.6,9.9,0.22,0.287,0.3,0.587,0.067,13,64,1,89.3,39.1,66.2,1002,89.2,17.9
Harold Castro,2022,28,420,443,114,84,21,2,7,79,17,17.8,3.8,0.271,0.381,0.3,0.681,0.11,47,160,0,87.0,33.3,69.8,1660,86.4,19.8
Raimel Tapia,2022,28,411,433,109,79,20,3,7,81,16,18.7,3.7,0.265,0.38,0.292,0.672,0.115,52,156,8,87.6,38.0,66.9,1578,85.1,21.5
Aristides Aquino,2022,28,259,276,51,28,13,0,10,101,17,36.6,6.2,0.197,0.363,0.246,0.609,0.166,30,94,2,85.6,34.6,44.1,1092,72.8,37.9
Teoscar Hernandez,2022,29,499,535,133,72,35,1,25,152,34,28.4,6.4,0.267,0.491,0.316,0.807,0.224,77,245,6,92.6,53.3,44.1,2082,74.9,35.1
Ketel Marte,2022,28,492,558,118,62,42,2,12,101,55,18.1,9.9,0.24,0.407,0.321,0.728,0.167,52,200,5,90.1,41.9,69.6,2159,83.4,20.7
Eric Haase,2022,29,323,351,82,50,17,1,14,97,24,27.6,6.8,0.254,0.443,0.305,0.748,0.189,44,143,0,87.7,42.4,51.1,1376,76.7,32.8
Brandon Nimmo,2022,29,580,673,159,106,30,7,16,116,71,17.2,10.5,0.274,0.433,0.367,0.8,0.159,64,251,3,89.4,39.8,61.4,2781,85.9,19.6
Jace Peterson,2022,32,288,328,68,44,14,2,8,85,33,25.9,10.1,0.236,0.382,0.316,0.698,0.146,34,110,12,88.6,36.1,48.5,1420,81.1,26.7
Trea Turner,2022,29,652,708,194,130,39,4,21,131,45,18.5,6.4,0.298,0.466,0.343,0.809,0.168,100,304,27,88.9,41.6,53.7,2720,84.5,26.3
Jacob Stallings,2022,32,346,384,77,61,12,0,4,83,29,21.6,7.6,0.223,0.292,0.292,0.584,0.069,34,101,0,86.7,32.3,53.8,1474,87.3,22.7
Jose Ramirez,2022,29,601,685,168,90,44,5,29,82,69,12.0,10.1,0.28,0.514,0.355,0.869,0.234,126,309,20,87.7,36.9,73.1,2742,90.1,15.1
Alex Bregman,2022,28,548,656,142,81,38,0,23,77,87,11.7,13.3,0.259,0.454,0.366,0.82,0.195,93,249,1,88.9,37.8,67.4,2521,90.6,14.9
Joey Gallo,2022,28,350,410,56,27,8,2,19,163,56,39.8,13.7,0.16,0.357,0.28,0.637,0.197,47,125,3,89.6,50.5,37.5,1725,68.3,40.6
Carson Kelly,2022,27,317,354,67,42,18,0,7,71,29,20.1,8.2,0.211,0.334,0.282,0.616,0.123,35,106,2,87.7,36.8,59.9,1423,86.2,21.1
Corey Seager,2022,28,593,663,145,87,24,1,33,103,58,15.5,8.7,0.245,0.455,0.317,0.772,0.21,83,270,3,91.1,45.5,45.2,2268,85.1,26.5
Jesse Winker,2022,28,456,547,100,71,15,0,14,103,84,18.8,15.4,0.219,0.344,0.344,0.688,0.125,53,157,0,87.7,34.3,59.7,2229,85.6,19.9
Matt Reynolds,2022,31,244,272,60,46,10,1,3,78,26,28.7,9.6,0.246,0.332,0.32,0.652,0.086,23,81,5,90.2,42.4,40.8,1080,84.7,29.2
Franchy Cordero,2022,27,242,275,53,27,17,1,8,92,28,33.5,10.2,0.219,0.397,0.3,0.697,0.178,29,96,4,89.7,45.5,42.5,1091,72.1,37.1
Franmil Reyes,2022,26,438,473,97,64,17,2,14,157,30,33.2,6.3,0.221,0.365,0.273,0.638,0.144,47,160,2,92.0,45.8,36.0,1853,74.9,37.1
Dansby Swanson,2022,28,640,696,177,119,32,1,25,182,49,26.1,7.0,0.277,0.447,0.329,0.776,0.17,96,286,18,90.2,46.3,50.3,2751,76.2,30.7
Kevin Newman,2022,28,288,309,79,57,18,2,2,48,16,15.5,5.2,0.274,0.372,0.316,0.688,0.098,24,107,8,85.8,27.2,70.2,1080,90.3,15.6
Chris Taylor,2022,31,402,454,89,51,25,3,10,160,44,35.2,9.7,0.221,0.373,0.304,0.677,0.152,43,150,10,87.4,38.0,33.6,1980,67.6,39.9
Carlos Correa,2022,27,522,590,152,105,24,1,22,121,61,20.5,10.3,0.291,0.467,0.366,0.833,0.176,64,244,0,89.9,44.7,63.4,2419,84.7,22.0
Tyrone Taylor,2022,28,373,405,87,46,21,3,17,102,22,25.2,5.4,0.233,0.442,0.286,0.728,0.209,51,165,3,88.0,37.6,49.8,1522,84.1,26.5
Byron Buxton,2022,28,340,382,76,32,13,3,28,116,34,30.4,8.9,0.224,0.526,0.306,0.832,0.302,51,179,6,92.9,50.2,42.6,1529,75.0,34.1
Taylor Ward,2022,28,495,564,139,92,22,2,23,120,60,21.3,10.6,0.281,0.473,0.36,0.833,0.192,65,234,5,90.0,42.9,58.9,2297,83.9,22.2
Tomas Nido,2022,28,284,313,68,50,15,0,3,76,14,24.3,4.5,0.239,0.324,0.276,0.6,0.085,28,92,0,86.3,33.3,54.4,1067,69.5,34.4
Patrick Wisdom,2022,30,469,534,97,44,28,0,25,183,53,34.3,9.9,0.207,0.426,0.298,0.724,0.219,66,200,8,90.7,46.3,38.1,2233,73.7,36.4
Joey Wendle,2022,32,347,371,90,62,24,1,3,50,15,13.5,4.0,0.259,0.36,0.297,0.657,0.101,32,125,12,87.5,36.2,69.8,1281,89.2,16.7
Matt Olson,2022,28,616,699,148,70,44,0,34,170,75,24.3,10.7,0.24,0.477,0.325,0.802,0.237,103,294,0,92.9,50.9,58.4,2893,76.6,28.9
Manuel Margot,2022,27,336,363,92,68,18,2,4,68,24,18.7,6.6,0.274,0.375,0.325,0.7,0.101,47,126,7,89.5,37.9,54.2,1397,83.6,24.7
Victor Reyes,2022,27,315,336,80,55,19,3,3,77,13,22.9,3.9,0.254,0.362,0.289,0.651,0.108,34,114,2,87.9,36.8,68.6,1283,73.9,27.1
Jorge Mateo,2022,27,494,533,109,64,25,7,13,147,27,27.6,5.1,0.221,0.379,0.267,0.646,0.158,50,187,35,86.8,32.7,48.4,1982,78.1,30.9
Andrew Velazquez,2022,27,322,349,63,46,8,0,9,119,15,34.1,4.3,0.196,0.304,0.236,0.54,0.108,28,98,17,88.0,34.0,43.3,1320,70.4,34.0
Harold Ramirez,2022,27,403,435,121,91,24,0,6,72,19,16.6,4.4,0.3,0.404,0.343,0.747,0.104,58,163,3,88.5,41.2,60.7,1578,83.5,25.5
Anthony Santander,2022,27,574,647,138,81,24,0,33,122,55,18.9,8.5,0.24,0.455,0.318,0.773,0.215,89,261,0,90.1,43.3,65.6,2618,86.0,21.5
Pete Alonso,2022,27,597,685,162,95,27,0,40,128,67,18.7,9.8,0.271,0.518,0.352,0.87,0.247,131,309,5,89.8,44.8,61.9,2507,84.3,24.2
Christian Arroyo,2022,27,280,300,80,57,16,1,6,49,13,16.3,4.3,0.286,0.414,0.322,0.736,0.128,36,116,5,88.9,42.1,60.6,1041,90.0,20.5
Cavan Biggio,2022,27,257,303,52,27,18,1,6,85,38,28.1,12.5,0.202,0.35,0.318,0.668,0.148,24,90,2,87.9,32.8,44.6,1282,80.3,25.9
Adam Frazier,2022,30,541,602,129,100,22,4,3,73,46,12.1,7.6,0.238,0.311,0.301,0.612,0.073,42,168,11,85.1,24.5,71.8,2191,90.6,14.4
Jose Trevino,2022,29,335,353,83,59,12,1,11,62,15,17.6,4.2,0.248,0.388,0.283,0.671,0.14,43,130,2,87.9,35.0,69.3,1259,84.8,21.1
Nick Gordon,2022,26,405,443,110,69,28,4,9,105,19,23.7,4.3,0.272,0.427,0.316,0.743,0.155,50,173,6,90.6,44.7,55.9,1550,79.6,27.8
Reese McGuire,2022,27,249,274,67,49,14,1,3,56,12,20.4,4.4,0.269,0.369,0.307,0.676,0.1,22,92,1,87.0,29.7,61.6,967,87.7,20.8
Jorge Soler,2022,30,270,306,56,30,13,0,13,90,31,29.4,10.1,0.207,0.4,0.295,0.695,0.193,34,108,0,91.2,43.6,48.9,1276,76.9,31.5
Yadiel Hernandez,2022,34,305,327,82,57,16,0,9,74,19,22.6,5.8,0.269,0.41,0.312,0.722,0.141,41,125,2,88.8,42.1,57.1,1303,76.3,29.5
Jake Cronenworth,2022,28,587,684,140,89,30,4,17,131,70,19.2,10.2,0.239,0.39,0.332,0.722,0.151,88,229,3,87.6,34.1,61.3,2665,88.6,18.0
Chad Pinder,2022,30,361,379,85,55,18,0,12,118,14,31.1,3.7,0.235,0.385,0.263,0.648,0.15,42,139,2,87.5,40.7,47.4,1437,72.7,34.5
Tim Anderson,2022,29,332,351,100,81,13,0,6,55,14,15.7,4.0,0.301,0.395,0.339,0.734,0.094,25,131,13,88.2,41.2,63.9,1145,84.5,23.2
Cody Bellinger,2022,26,504,550,106,57,27,3,19,150,38,27.3,6.9,0.21,0.389,0.265,0.654,0.179,68,196,14,89.4,38.1,62.6,2301,77.5,27.2
J.P. Crawford,2022,27,518,603,126,93,24,3,6,80,68,13.3,11.3,0.243,0.336,0.339,0.675,0.093,42,174,3,85.1,29.7,68.4,2477,90.4,14.3
Hunter Dozier,2022,30,462,500,109,67,26,4,12,125,34,25.0,6.8,0.236,0.387,0.292,0.679,0.151,41,179,4,88.5,38.5,44.4,1938,85.2,29.2
Adam Engel,2022,30,245,260,55,39,13,1,2,76,11,29.2,4.2,0.224,0.31,0.269,0.579,0.086,17,76,12,87.9,33.1,41.3,992,75.8,33.6
Luis Guillorme,2022,27,297,335,81,66,12,1,2,46,34,13.7,10.1,0.273,0.34,0.351,0.691,0.067,17,101,1,86.2,24.9,72.1,1373,91.0,13.3
Jonah Heim,2022,27,406,450,92,55,20,1,16,87,41,19.3,9.1,0.227,0.399,0.298,0.697,0.172,48,162,2,89.3,39.9,64.0,1759,84.3,21.4
Trey Mancini III,2022,30,519,587,124,82,23,1,18,135,53,23.0,9.0,0.239,0.391,0.319,0.71,0.152,63,203,0,89.5,40.4,54.5,2368,81.3,27.4
Ryan McMahon,2022,27,529,597,130,84,23,3,20,158,60,26.5,10.1,0.246,0.414,0.327,0.741,0.168,67,219,7,91.7,46.5,52.1,2559,79.1,28.2
Sheldon Neuse,2022,27,271,293,58,48,4,2,4,80,20,27.3,6.8,0.214,0.288,0.273,0.561,0.074,26,78,6,89.1,38.2,48.1,1160,84.0,27.2
Tyler O'Neill,2022,27,334,383,76,50,11,1,14,103,38,26.9,9.9,0.228,0.392,0.308,0.7,0.164,58,131,14,89.8,43.3,50.7,1594,76.6,30.9
Rowdy Tellez,2022,27,529,599,116,58,23,0,35,121,62,20.2,10.4,0.219,0.461,0.306,0.767,0.242,89,244,2,91.1,46.0,60.5,2392,83.3,23.8
Francisco Mejia,2022,26,289,299,70,42,22,0,6,65,7,21.7,2.3,0.242,0.381,0.264,0.645,0.139,31,110,0,86.8,28.0,65.7,1094,85.0,23.4
Jose Siri,2022,26,301,325,64,42,13,2,7,108,20,33.2,6.2,0.213,0.339,0.268,0.607,0.126,24,102,14,87.2,33.0,48.2,1265,73.2,35.9
Amed Rosario,2022,26,637,670,180,134,26,9,11,111,25,16.6,3.7,0.283,0.403,0.312,0.715,0.12,71,257,18,88.4,38.3,70.2,2395,84.6,21.0
Willy Adames,2022,26,563,617,134,72,31,0,31,166,49,26.9,7.9,0.238,0.458,0.298,0.756,0.22,98,258,8,88.9,43.6,54.0,2466,79.9,28.2
Thairo Estrada,2022,26,488,541,127,89,22,2,14,89,33,16.5,6.1,0.26,0.4,0.322,0.722,0.14,62,195,21,86.2,31.1,62.7,1945,87.5,19.7
Andrew Benintendi,2022,27,461,521,140,109,23,3,5,77,52,14.8,10.0,0.304,0.399,0.373,0.772,0.095,51,184,8,89.2,38.7,70.5,1926,81.9,20.7
Garrett Cooper,2022,31,414,469,108,64,33,2,9,119,40,25.4,8.5,0.261,0.415,0.337,0.752,0.154,50,172,0,89.6,43.7,59.2,1861,83.2,25.1
Mauricio Dubon,2022,27,243,265,52,38,9,0,5,30,13,11.3,4.9,0.214,0.313,0.252,0.565,0.099,24,76,2,84.7,29.9,79.0,933,86.0,15.2
Tony Kemp,2022,30,497,558,117,84,24,2,7,69,45,12.4,8.1,0.235,0.334,0.307,0.641,0.099,46,166,11,84.4,14.9,76.3,2047,89.7,13.1
Isiah Kiner-Falefa,2022,27,483,531,126,102,20,0,4,72,35,13.6,6.6,0.261,0.327,0.314,0.641,0.066,48,158,22,86.2,30.1,78.4,1940,93.8,11.2
Jeff McNeil,2022,30,533,589,174,125,39,1,9,61,40,10.4,6.8,0.326,0.454,0.382,0.836,0.128,62,242,4,86.9,30.2,73.1,2065,87.1,15.9
Frank Schwindel,2022,30,271,292,62,43,11,0,8,58,19,19.9,6.5,0.229,0.358,0.277,0.635,0.129,36,97,0,88.1,35.5,62.8,1138,79.3,26.5
Ozzie Albies,2022,25,247,269,61,37,16,0,8,47,16,17.5,5.9,0.247,0.409,0.294,0.703,0.162,35,101,3,87.1,26.5,66.7,1027,84.9,22.9
Victor Robles,2022,25,366,407,82,64,10,2,6,104,17,25.6,4.2,0.224,0.311,0.273,0.584,0.087,33,114,15,84.6,23.8,49.8,1415,78.5,27.2
Rafael Devers,2022,25,555,614,164,94,42,1,27,114,50,18.6,8.1,0.295,0.521,0.358,0.879,0.226,88,289,3,93.1,50.9,60.7,2232,77.7,28.1
Josh Naylor,2022,25,449,498,115,67,28,0,20,80,38,16.1,7.6,0.256,0.452,0.319,0.771,0.196,79,203,6,89.4,42.8,68.2,1768,87.1,19.5
Abraham Toro,2022,25,324,352,60,36,13,1,10,65,22,18.5,6.3,0.185,0.324,0.239,0.563,0.139,35,105,2,87.0,29.7,63.6,1340,84.7,21.6
Aledmys Diaz,2022,31,305,327,74,49,13,0,12,53,18,16.2,5.5,0.243,0.403,0.287,0.69,0.16,38,123,1,86.6,36.8,64.2,1178,83.7,22.7
Luis Urias,2022,25,406,472,97,63,17,1,16,99,50,21.0,10.6,0.239,0.404,0.335,0.739,0.165,47,164,1,87.3,35.3,70.9,1974,80.4,22.2
Luis Arraez,2022,25,547,603,173,133,31,1,8,43,50,7.1,8.3,0.316,0.42,0.375,0.795,0.104,49,230,4,88.9,30.2,89.4,2413,94.0,7.1
Eloy Jimenez,2022,25,292,327,86,58,12,0,16,72,28,22.0,8.6,0.295,0.5,0.358,0.858,0.205,54,146,0,92.8,54.9,55.5,1178,77.5,30.3
Gleyber Torres,2022,25,526,572,135,82,28,1,24,129,39,22.6,6.8,0.257,0.451,0.31,0.761,0.194,76,237,10,90.4,45.3,59.9,2226,77.7,27.1
Willi Castro,2022,25,365,392,88,60,18,2,8,82,15,20.9,3.8,0.241,0.367,0.284,0.651,0.126,31,134,9,84.8,31.4,51.9,1440,81.0,28.4
Yandy Diaz,2022,30,473,558,140,98,33,0,9,60,78,10.8,14.0,0.296,0.423,0.401,0.824,0.127,57,200,3,92.2,49.0,71.0,2157,90.4,14.3
Bryan De La Cruz,2022,25,329,355,83,50,20,0,13,90,19,25.4,5.4,0.252,0.432,0.294,0.726,0.18,43,142,4,90.8,47.3,57.0,1387,78.7,28.7
Luis Rengifo,2022,25,489,511,129,86,22,4,17,79,17,15.5,3.3,0.264,0.429,0.294,0.723,0.165,52,210,6,86.9,33.6,62.5,1818,85.8,21.5
Matt Chapman,2022,29,538,621,123,68,27,1,27,170,68,27.4,11.0,0.229,0.433,0.324,0.757,0.204,76,233,2,92.2,51.2,55.3,2637,76.0,28.7
Michael Chavis,2022,26,401,426,92,59,16,3,14,126,19,29.6,4.5,0.229,0.389,0.265,0.654,0.16,49,156,1,85.4,38.7,50.2,1524,79.1,30.8
Rhys Hoskins,2022,29,589,672,145,80,33,2,30,169,72,25.1,10.7,0.246,0.462,0.332,0.794,0.216,79,272,2,90.1,44.3,52.2,2897,82.8,25.7
Connor Joe,2022,29,404,467,96,65,20,4,7,97,55,20.8,11.8,0.238,0.359,0.338,0.697,0.121,28,145,6,85.3,33.8,59.9,1900,85.3,21.2
Cedric Mullins II,2022,27,608,672,157,105,32,4,16,126,47,18.8,7.0,0.258,0.403,0.318,0.721,0.145,64,245,34,88.8,37.3,63.0,2460,82.0,22.2
Emmanuel Rivera,2022,26,330,359,77,46,16,3,12,83,23,23.1,6.4,0.233,0.409,0.292,0.701,0.176,40,135,1,90.4,38.3,50.0,1324,83.8,25.8
Kyle Schwarber,2022,29,577,669,126,56,21,3,46,200,86,29.9,12.9,0.218,0.504,0.323,0.827,0.286,94,291,10,93.3,54.4,52.3,2878,77.1,29.0
Pavin Smith,2022,26,245,277,54,36,9,0,9,67,28,24.2,10.1,0.22,0.367,0.3,0.667,0.147,33,90,1,87.9,35.9,60.9,1109,85.7,21.7
Lane Thomas,2022,26,498,548,120,75,26,2,17,132,41,24.1,7.5,0.241,0.404,0.301,0.705,0.163,52,201,8,86.4,34.5,63.0,2204,85.4,21.1
Alex Verdugo,2022,26,593,644,166,115,39,1,11,86,42,13.4,6.5,0.28,0.405,0.328,0.733,0.125,74,240,1,89.1,38.2,68.0,2490,90.4,15.5
Ramon Laureano,2022,27,346,383,73,42,18,0,13,104,25,27.2,6.5,0.211,0.376,0.287,0.663,0.165,34,130,11,88.7,38.4,47.3,1514,79.7,30.3
Gavin Sheets,2022,26,377,410,91,57,19,0,15,86,27,21.0,6.6,0.241,0.411,0.295,0.706,0.17,53,155,0,88.6,36.1,66.9,1699,84.5,21.9
Yoan Moncada,2022,27,397,433,84,53,18,1,12,114,32,26.3,7.4,0.212,0.353,0.273,0.626,0.141,51,140,2,88.7,37.5,49.6,1725,81.5,27.8
Shohei Ohtani,2022,27,586,666,160,90,30,6,34,161,72,24.2,10.8,0.273,0.519,0.356,0.875,0.246,95,304,11,92.9,49.8,60.2,2546,76.9,28.1
Diego Castillo,2022,24,262,283,54,30,13,0,11,75,14,26.5,4.9,0.206,0.382,0.251,0.633,0.176,29,100,1,89.1,38.7,57.7,1149,81.0,26.7
Ronald Acuna Jr.,2022,24,467,533,124,85,24,0,15,126,53,23.6,9.9,0.266,0.413,0.351,0.764,0.147,50,193,29,91.2,49.7,59.9,2162,80.6,24.9
Keibert Ruiz,2022,23,394,433,99,70,22,0,7,50,30,11.5,6.9,0.251,0.36,0.313,0.673,0.109,36,142,6,88.0,32.3,72.5,1538,91.0,14.9
Oscar Gonzalez,2022,24,362,382,107,69,27,0,11,75,15,19.6,3.9,0.296,0.461,0.327,0.788,0.165,43,167,1,88.6,40.1,61.5,1409,82.0,26.7
Juan Yepez,2022,24,253,274,64,39,13,0,12,61,16,22.3,5.8,0.253,0.447,0.296,0.743,0.194,30,113,0,86.5,33.7,56.2,1035,83.7,26.1
Jesus Sanchez,2022,24,313,343,67,37,14,3,13,92,26,26.8,7.6,0.214,0.403,0.28,0.683,0.189,36,126,1,89.5,40.5,52.8,1391,80.9,29.6
William Contreras,2022,24,334,376,93,58,14,1,20,104,39,27.7,10.4,0.278,0.506,0.354,0.86,0.228,45,169,2,90.4,46.6,49.8,1546,74.2,34.3
Daulton Varsho,2022,25,531,592,125,72,23,3,27,145,46,24.5,7.8,0.235,0.443,0.302,0.745,0.208,74,235,16,87.7,35.6,61.5,2321,78.2,25.2
Lars Nootbaar,2022,24,290,347,66,33,16,3,14,71,51,20.5,14.7,0.228,0.448,0.34,0.788,0.22,40,130,4,91.7,46.0,62.3,1389,80.4,23.5
Nico Hoerner,2022,25,481,517,135,98,22,5,10,57,28,11.0,5.4,0.281,0.41,0.327,0.737,0.129,55,197,20,87.2,33.5,72.0,1831,92.6,14.2
Austin Riley,2022,25,615,693,168,89,39,2,38,168,57,24.2,8.2,0.273,0.528,0.349,0.877,0.255,93,325,2,92.5,50.8,52.3,2641,81.3,27.6
Ryan Mountcastle,2022,25,555,609,139,88,28,1,22,154,43,25.3,7.1,0.25,0.423,0.305,0.728,0.173,85,235,4,91.3,46.3,57.1,2340,78.0,29.8
Ke'Bryan Hayes,2022,25,505,560,123,89,24,3,7,122,48,21.8,8.6,0.244,0.345,0.314,0.659,0.101,41,174,20,91.0,46.8,58.7,2227,89.3,20.7
Kyle Tucker,2022,25,544,609,140,81,28,1,30,95,59,15.6,9.7,0.257,0.478,0.33,0.808,0.221,107,260,25,90.0,42.4,60.0,2262,86.6,19.9
Jonathan India,2022,25,386,431,96,68,16,2,10,94,31,21.8,7.2,0.249,0.378,0.327,0.705,0.129,41,146,3,85.1,28.8,54.7,1733,84.9,23.6
Joey Bart,2022,25,261,291,56,39,6,0,11,112,26,38.5,8.9,0.215,0.364,0.296,0.66,0.149,25,95,2,87.3,43.0,42.8,1161,70.4,38.0
Cal Raleigh,2022,25,370,415,78,30,20,1,27,122,38,29.4,9.2,0.211,0.489,0.284,0.773,0.278,63,181,1,90.9,43.5,50.9,1642,75.4,32.1
Trent Grisham,2022,25,451,524,83,48,16,2,17,150,57,28.6,10.9,0.184,0.341,0.284,0.625,0.157,53,154,7,88.3,35.5,52.7,2219,78.5,26.2
Matt Vierling,2022,25,325,357,80,60,12,2,6,70,23,19.6,6.4,0.246,0.351,0.297,0.648,0.105,32,114,7,91.2,47.1,63.5,1404,86.9,19.5
Alfonso Rivas III,2022,25,251,287,59,49,5,2,3,87,29,30.3,10.1,0.235,0.307,0.322,0.629,0.072,25,77,6,86.9,35.3,44.9,1208,84.0,26.2
Brendan Rodgers,2022,25,527,581,140,94,30,3,13,101,46,17.4,7.9,0.266,0.408,0.325,0.733,0.142,63,215,0,90.0,45.9,58.4,2112,84.6,22.7
Nathaniel Lowe,2022,26,593,645,179,123,26,3,27,147,48,22.8,7.4,0.302,0.492,0.358,0.85,0.19,76,292,2,90.2,44.8,56.1,2525,82.1,24.9
Ian Happ,2022,27,573,641,155,94,42,2,17,149,58,23.2,9.0,0.271,0.44,0.342,0.782,0.169,72,252,9,89.7,40.4,55.4,2572,79.5,27.2
Ty France,2022,27,551,613,151,103,27,1,20,94,35,15.3,5.7,0.274,0.436,0.338,0.774,0.162,83,240,0,87.6,36.8,60.7,2211,90.2,19.3
Brandon Lowe,2022,27,235,266,52,32,10,2,8,61,27,22.9,10.2,0.221,0.383,0.308,0.691,0.162,25,90,1,89.4,38.9,42.2,1004,75.9,33.5
Harrison Bader,2022,28,292,313,73,55,10,3,5,62,15,19.8,4.8,0.25,0.356,0.294,0.65,0.106,30,104,17,83.4,26.3,59.1,1187,88.1,22.1
Dylan Moore,2022,29,205,255,46,27,11,2,6,75,34,29.4,13.3,0.224,0.385,0.368,0.753,0.161,24,79,21,87.2,36.4,56.5,1133,76.7,27.6
Myles Straw,2022,27,535,596,118,93,22,3,0,87,54,14.6,9.1,0.221,0.273,0.291,0.564,0.052,32,146,21,87.0,26.5,71.6,2360,91.7,12.6
Kyle Isbel,2022,25,256,278,54,35,10,4,5,75,16,27.0,5.8,0.211,0.34,0.264,0.604,0.129,28,87,9,89.7,44.6,61.0,1074,84.0,21.9
Alec Bohm,2022,25,586,631,164,124,24,3,13,110,31,17.4,4.9,0.28,0.398,0.315,0.713,0.118,72,233,2,90.2,43.0,68.2,2301,83.9,21.1
LaMonte Wade Jr.,2022,28,217,251,45,29,7,1,8,51,26,20.3,10.4,0.207,0.359,0.305,0.664,0.152,26,78,1,87.7,34.3,62.8,992,87.6,17.8
Seth Brown,2022,29,500,555,115,61,26,3,25,146,51,26.3,9.2,0.23,0.444,0.305,0.749,0.214,73,222,11,89.2,41.4,45.2,2198,81.5,29.6
Jake McCarthy,2022,24,321,354,91,64,16,3,8,76,23,21.5,6.5,0.283,0.427,0.342,0.769,0.144,43,137,23,87.4,33.7,48.9,1263,78.0,27.4
Jared Walsh,2022,28,423,454,91,56,18,2,15,138,27,30.4,5.9,0.215,0.374,0.269,0.643,0.159,44,158,2,90.1,42.5,55.3,1746,79.2,27.6
Jeremy Pena,2022,24,521,558,132,88,20,2,22,135,22,24.2,3.9,0.253,0.426,0.289,0.715,0.173,63,222,11,88.1,36.7,45.3,2004,83.6,29.7
Gilberto Celestino,2022,23,311,347,74,59,12,1,2,77,32,22.2,9.2,0.238,0.302,0.313,0.615,0.064,24,94,4,87.3,34.3,56.8,1384,82.6,23.4
Vladimir Guerrero Jr.,2022,23,638,706,175,108,35,0,32,116,58,16.4,8.2,0.274,0.48,0.339,0.819,0.206,97,306,8,92.8,50.4,58.6,2596,83.8,24.4
Cristian Pache,2022,23,241,260,40,30,5,2,3,70,15,26.9,5.8,0.166,0.241,0.218,0.459,0.075,18,58,2,89.4,40.8,39.2,918,77.6,30.2
Juan Soto,2022,23,524,664,127,73,25,2,27,96,135,14.5,20.3,0.242,0.452,0.401,0.853,0.21,62,237,6,91.0,47.4,64.2,2765,86.0,19.2
Leody Taveras,2022,23,314,341,82,61,14,2,5,88,21,25.8,6.2,0.261,0.366,0.309,0.675,0.105,34,115,11,89.3,36.1,48.1,1274,79.9,28.1
Oneil Cruz,2022,23,331,361,77,43,13,4,17,126,28,34.9,7.8,0.233,0.45,0.294,0.744,0.217,54,149,10,91.9,46.1,43.5,1459,79.7,35.4
Andres Gimenez,2022,23,491,557,146,100,26,3,17,112,34,20.1,6.1,0.297,0.466,0.371,0.837,0.169,69,229,20,87.8,37.8,59.5,2044,79.6,26.2
Gavin Lux,2022,24,421,471,116,83,20,7,6,95,47,20.2,10.0,0.276,0.399,0.346,0.745,0.123,42,168,7,88.0,39.8,56.7,1844,84.7,23.3
Jo Adell,2022,23,268,285,60,38,12,2,8,107,11,37.5,3.9,0.224,0.373,0.264,0.637,0.149,27,100,4,87.4,37.7,51.9,1175,69.9,36.2
Bo Bichette,2022,24,652,697,189,121,43,1,24,155,41,22.2,5.9,0.29,0.469,0.333,0.802,0.179,93,306,13,91.9,50.3,59.7,2522,85.2,23.0
Dylan Carlson,2022,23,432,488,102,60,30,4,8,94,45,19.3,9.2,0.236,0.38,0.316,0.696,0.144,42,164,5,86.1,27.2,59.6,1964,79.5,25.6
Christopher Morel,2022,23,379,425,89,50,19,4,16,137,38,32.2,8.9,0.235,0.433,0.308,0.741,0.198,47,164,10,89.6,40.3,48.9,1648,65.2,38.3
Rodolfo Castro,2022,23,253,277,59,36,8,4,11,74,22,26.7,7.9,0.233,0.427,0.296,0.723,0.194,27,108,5,87.3,35.0,46.2,1047,75.9,32.6
Bobby Dalbec,2022,27,317,353,68,45,9,2,12,118,29,33.4,8.2,0.215,0.369,0.283,0.652,0.154,39,117,3,90.3,45.8,43.9,1475,75.5,35.0
Adolis Garcia,2022,29,605,657,151,85,34,5,27,183,40,27.9,6.1,0.25,0.456,0.3,0.756,0.206,101,276,25,92.1,47.4,55.4,2537,73.4,33.5
Lourdes Gurriel Jr.,2022,28,453,493,132,94,32,1,5,83,31,16.8,6.3,0.291,0.4,0.343,0.743,0.109,52,181,3,90.6,45.7,62.9,1852,85.6,21.3
Randy Arozarena,2022,27,586,645,154,90,41,3,20,156,46,24.2,7.1,0.263,0.445,0.327,0.772,0.182,89,261,32,89.9,41.0,58.7,2527,78.4,28.6
Andrew Knizner,2022,27,260,293,56,42,10,0,4,62,26,21.2,8.9,0.215,0.3,0.301,0.601,0.085,25,78,0,86.0,33.2,61.3,1103,85.2,22.7
Bryan Reynolds,2022,27,542,614,142,92,19,4,27,141,56,23.0,9.1,0.262,0.461,0.345,0.806,0.199,62,250,7,90.2,42.9,49.0,2303,84.1,27.7
Adley Rutschman,2022,24,398,470,101,52,35,1,13,86,65,18.3,13.8,0.254,0.445,0.362,0.807,0.191,42,177,4,87.9,36.8,67.7,2009,88.5,17.9
Josh Rojas,2022,28,443,510,119,84,25,1,9,98,55,19.2,10.8,0.269,0.391,0.349,0.74,0.122,56,173,23,88.8,36.1,58.3,2033,83.5,22.2
MJ Melendez Jr.,2022,23,460,534,100,58,21,3,18,131,66,24.5,12.4,0.217,0.393,0.313,0.706,0.176,62,181,2,90.7,43.5,53.7,2196,79.3,27.8
Brandon Marsh,2022,24,424,461,104,71,18,4,11,158,28,34.3,6.1,0.245,0.384,0.295,0.679,0.139,52,163,10,89.2,38.2,55.6,1807,77.8,29.1
Sean Murphy,2022,27,537,612,134,77,37,2,18,124,56,20.3,9.2,0.25,0.426,0.332,0.758,0.176,66,229,1,88.7,41.4,61.1,2372,82.7,24.0
Nick Senzel,2022,27,373,420,86,68,13,0,5,76,30,18.1,7.1,0.231,0.306,0.296,0.602,0.075,25,114,8,87.2,33.9,61.2,1473,85.3,21.8
Tommy Edman,2022,27,577,630,153,105,31,4,13,111,46,17.6,7.3,0.265,0.4,0.324,0.724,0.135,57,231,32,88.6,37.8,61.0,2328,87.8,20.6
Will Smith,2022,27,508,578,132,79,26,3,24,96,56,16.6,9.7,0.26,0.465,0.343,0.808,0.205,87,236,1,89.9,43.0,70.9,2373,83.9,19.3
Jack Suwinski,2022,23,326,372,66,36,11,0,19,114,41,30.6,11.0,0.202,0.411,0.298,0.709,0.209,38,134,4,88.3,40.4,42.9,1572,79.6,30.5
Santiago Espinal,2022,27,449,491,120,88,25,0,7,68,36,13.8,7.3,0.267,0.37,0.322,0.692,0.103,51,166,6,86.1,31.7,72.2,1912,88.3,15.5
Jose Miranda,2022,24,444,483,119,79,25,0,15,91,28,18.8,5.8,0.268,0.426,0.325,0.751,0.158,66,189,1,89.3,42.4,56.7,1812,85.2,24.3
Nolan Gorman,2022,22,283,313,64,37,13,0,14,103,28,32.9,8.9,0.226,0.42,0.3,0.72,0.194,35,119,1,89.2,43.3,47.1,1317,74.0,34.5
Keston Hiura,2022,25,234,266,53,30,8,1,14,111,23,41.7,8.6,0.226,0.449,0.316,0.765,0.223,32,105,5,91.7,45.2,41.3,1146,67.6,40.1
Nick Allen,2022,23,299,326,62,45,13,0,4,64,19,19.6,5.8,0.207,0.291,0.256,0.547,0.084,19,87,3,83.9,22.3,53.8,1154,84.5,22.7
Josh H. Smith,2022,24,213,253,42,35,5,0,2,50,28,19.8,11.1,0.197,0.249,0.307,0.556,0.052,16,53,4,87.0,28.6,55.9,1048,81.9,23.4
Austin Hays,2022,26,535,582,134,81,35,2,16,114,34,19.6,5.8,0.25,0.413,0.306,0.719,0.163,60,221,2,87.7,37.7,57.8,2051,87.7,23.5
Nicky Lopez,2022,27,436,480,99,83,12,4,0,63,29,13.1,6.0,0.227,0.273,0.281,0.554,0.046,20,119,13,84.9,22.9,70.2,1762,86.2,17.3
Yordan Alvarez,2022,25,470,561,144,76,29,2,37,106,78,18.9,13.9,0.306,0.613,0.406,1.019,0.307,97,288,1,95.2,59.8,52.7,2195,87.4,23.4
Isaac Paredes,2022,23,331,381,68,32,16,0,20,67,44,17.6,11.5,0.205,0.435,0.304,0.739,0.23,45,144,0,87.4,38.7,68.6,1617,89.0,16.5
Taylor Walls,2022,25,407,466,70,42,18,2,8,120,52,25.8,11.2,0.172,0.285,0.268,0.553,0.113,33,116,10,86.3,28.5,55.5,1888,78.9,25.4
Luis Gonzalez,2022,26,311,350,78,55,17,2,4,75,30,21.4,8.6,0.251,0.357,0.32,0.677,0.106,36,111,10,86.9,32.0,55.6,1472,82.0,22.7
TJ Friedl Jr.,2022,26,225,258,54,31,10,5,8,40,20,15.5,7.8,0.24,0.436,0.314,0.75,0.196,25,98,7,87.2,29.8,60.8,996,85.0,19.9
Luis Garcia,2022,22,360,377,99,67,23,2,7,84,11,22.3,2.9,0.275,0.408,0.295,0.703,0.133,45,147,3,87.3,36.7,60.8,1323,80.5,27.0
Michael Harris II,2022,21,414,441,123,74,27,3,19,107,21,24.3,4.8,0.297,0.514,0.339,0.853,0.217,64,213,20,89.5,45.1,52.5,1655,83.7,28.1
Alejandro Kirk,2022,23,470,541,134,101,19,0,14,58,63,10.7,11.6,0.285,0.415,0.372,0.787,0.13,63,195,0,90.5,45.4,72.7,2200,89.5,15.4
Geraldo Perdomo,2022,22,431,500,84,67,10,2,5,103,50,20.6,10.0,0.195,0.262,0.285,0.547,0.067,40,113,9,85.0,25.1,64.2,2061,83.7,18.3
Luis Robert Jr.,2022,24,380,401,108,78,18,0,12,77,17,19.2,4.2,0.284,0.426,0.319,0.745,0.142,56,162,11,89.3,42.8,57.1,1349,82.7,27.1
Ha-Seong Kim,2022,26,517,582,130,87,29,3,11,100,51,17.2,8.8,0.251,0.383,0.325,0.708,0.132,59,198,12,86.7,32.4,66.7,2359,85.8,19.1
Seiya Suzuki,2022,27,397,446,104,66,22,2,14,110,42,24.7,9.4,0.262,0.433,0.336,0.769,0.171,46,172,9,89.6,41.3,58.4,1876,84.1,22.8
Chas McCormick,2022,27,359,407,88,60,12,2,14,106,46,26.0,11.3,0.245,0.407,0.332,0.739,0.162,44,146,4,88.1,39.0,52.2,1584,74.1,32.2
Wander Franco,2022,21,314,344,87,58,20,3,6,33,26,9.6,7.6,0.277,0.417,0.328,0.745,0.14,33,131,8,87.3,35.8,73.1,1216,92.5,13.3
Julio Rodriguez,2022,21,511,560,145,89,25,3,28,145,40,25.9,7.1,0.284,0.509,0.345,0.854,0.225,75,260,25,92.0,50.7,51.4,2084,80.1,30.4
Alek Thomas,2022,22,381,411,88,62,17,1,8,74,22,18.0,5.4,0.231,0.344,0.275,0.619,0.113,39,131,4,87.4,34.6,60.7,1483,81.6,25.0
Bobby Witt Jr.,2022,22,591,632,150,93,31,6,20,135,30,21.4,4.7,0.254,0.428,0.294,0.722,0.174,80,253,30,89.7,38.6,61.0,2332,82.1,25.2
Spencer Torkelson,2022,22,360,404,73,48,16,1,8,99,37,24.5,9.2,0.203,0.319,0.285,0.604,0.116,28,115,0,90.5,41.8,53.5,1609,82.1,25.6
Steven Kwan,2022,24,563,638,168,130,25,7,6,60,62,9.4,9.7,0.298,0.4,0.373,0.773,0.102,52,225,19,85.1,20.8,79.6,2643,93.7,9.0
Owen Miller,2022,25,424,472,103,70,26,1,6,93,32,19.7,6.8,0.243,0.351,0.301,0.652,0.108,51,149,2,85.8,31.2,70.5,1836,88.2,18.5
Brendan Donovan,2022,25,391,468,110,83,21,1,5,70,60,15.0,12.8,0.281,0.379,0.394,0.773,0.098,45,148,2,87.7,37.7,66.7,1966,90.4,15.6
Bryson Stott,2022,24,427,466,100,69,19,2,10,89,36,19.1,7.7,0.234,0.358,0.295,0.653,0.124,49,153,12,88.1,36.8,73.9,1877,86.0,17.2
CJ Abrams,2022,21,284,302,70,54,12,2,2,50,5,16.6,1.7,0.246,0.324,0.28,0.604,0.078,21,92,7,86.5,30.7,64.3,1008,83.7,22.3
Riley Greene,2022,21,376,418,95,68,18,4,5,120,36,28.7,8.6,0.253,0.362,0.321,0.683,0.109,42,136,1,89.5,45.2,57.1,1716,82.4,25.6
Andrew Vaughn,2022,24,510,555,138,92,28,1,17,96,31,17.3,5.6,0.271,0.429,0.321,0.75,0.158,76,219,0,90.8,48.6,62.7,2087,87.8,21.0
Vinnie Pasquantino,2022,24,258,298,76,56,10,0,10,34,35,11.4,11.7,0.295,0.45,0.383,0.833,0.155,26,116,1,91.2,46.9,70.5,1039,90.4,15.3
